power,coefficient
4,0.00090490627590298
3,0.020600806185895
2,0.310902483461381
1,1.91466789172331
0,4.08268325739461
